{"CAND_0046525": 0.9492, "CAND_0052328": 0.64673, "CAND_0018499": 0.97642, "CAND_0064326": 0.89038, "CAND_0050454": 0.91549, "CAND_0041669": 0.63489, "CAND_0081846": 0.97282, "CAND_0077337": 0.98824, "CAND_0011687": 0.94653, "CAND_0062247": 0.92686, "CAND_0079387": 0.85236, "CAND_0002025": 0.9794, "CAND_0027691": 0.85954, "CAND_0071974": 0.96826, "CAND_0052682": 0.63609, "CAND_0000031": 0.58264, "CAND_0036184": 0.76163, "CAND_0054394": 0.64343, "CAND_0014440": 0.73333, "CAND_0061265": 0.62755, "CAND_0010257": 0.12364, "CAND_0065195": 0.64862, "CAND_0017960": 0.61053, "CAND_0079064": 0.48929, "CAND_0075574": 0.72333, "CAND_0083879": 0.72298, "CAND_0091909": 0.52106, "CAND_0007009": 0.5893, "CAND_0037566": 0.7425, "CAND_0006418": 0.80693, "CAND_0000165": 0.22045, "CAND_0000973": 0.01105, "CAND_0000411": 0.02472, "CAND_0000899": 0.00798, "CAND_0001150": 0.00773, "CAND_0000112": 0.04615, "CAND_0000134": 0.00619, "CAND_0000285": 0.00572, "CAND_0000120": 0.013, "CAND_0001051": 0.00292, "CAND_0000136": 0.00958, "CAND_0000615": 0.00908, "CAND_0000220": 0.01982, "CAND_0000121": 0.03226, "CAND_0000654": 0.00547, "CAND_0000211": 0.01352, "CAND_0000020": 0.0156, "CAND_0000083": 0.00996, "CAND_0000203": 0.01362, "CAND_0000201": 0.01724, "CAND_0000097": 0.01688, "CAND_0000314": 0.01457, "CAND_0000498": 0.01336, "CAND_0000133": 0.01784, "CAND_0001043": 0.02219, "CAND_0000535": 0.01443, "CAND_0000444": 0.00842, "CAND_0000701": 0.01732, "CAND_0000385": 0.02259, "CAND_0000106": 0.01451, "CAND_0000212": 0.03747, "CAND_0000074": 0.00557, "CAND_0000312": 0.00821, "CAND_0001191": 0.00463, "CAND_0000021": 0.04359, "CAND_0001425": 0.00408, "CAND_0000306": 0.0064, "CAND_0001185": 0.0138, "CAND_0001408": 0.00169, "CAND_0001202": 0.00864}