{"CAND_0052328": 0.90916, "CAND_0046525": 0.92656, "CAND_0018499": 0.97129, "CAND_0064326": 0.9025, "CAND_0041669": 0.91702, "CAND_0050454": 0.96956, "CAND_0081846": 0.98311, "CAND_0077337": 0.99162, "CAND_0011687": 0.98061, "CAND_0062247": 0.97907, "CAND_0079387": 0.95987, "CAND_0000031": 0.84865, "CAND_0027691": 0.89921, "CAND_0036184": 0.92578, "CAND_0052682": 0.78628, "CAND_0002025": 0.99006, "CAND_0071974": 0.98618, "CAND_0054394": 0.84219, "CAND_0014440": 0.87245, "CAND_0017960": 0.87005, "CAND_0061265": 0.83677, "CAND_0010257": 0.24743, "CAND_0083879": 0.89149, "CAND_0079064": 0.64258, "CAND_0065195": 0.87408, "CAND_0007009": 0.84536, "CAND_0075574": 0.78233, "CAND_0091909": 0.81768, "CAND_0037566": 0.82184, "CAND_0006418": 0.90785, "CAND_0000165": 0.77942, "CAND_0000973": 0.02684, "CAND_0000411": 0.08736, "CAND_0000899": 0.01349, "CAND_0001150": 0.01095, "CAND_0000112": 0.35675, "CAND_0000134": 0.00914, "CAND_0000285": 0.00898, "CAND_0000120": 0.04725, "CAND_0001051": 0.00462, "CAND_0000136": 0.01284, "CAND_0000615": 0.01173, "CAND_0000121": 0.08447, "CAND_0000220": 0.10452, "CAND_0000654": 0.01178, "CAND_0000211": 0.06048, "CAND_0000020": 0.03574, "CAND_0000083": 0.01754, "CAND_0000097": 0.09664, "CAND_0000203": 0.03887, "CAND_0000201": 0.03844, "CAND_0000498": 0.06178, "CAND_0000133": 0.03168, "CAND_0000314": 0.03327, "CAND_0000535": 0.05369, "CAND_0001043": 0.0917, "CAND_0000444": 0.03058, "CAND_0000701": 0.03048, "CAND_0000212": 0.0864, "CAND_0000106": 0.02509, "CAND_0000385": 0.01663, "CAND_0000312": 0.00777, "CAND_0000021": 0.25588, "CAND_0001191": 0.01588, "CAND_0000074": 0.00544, "CAND_0001425": 0.00574, "CAND_0000306": 0.01691, "CAND_0001185": 0.01643, "CAND_0001408": 0.00431, "CAND_0001202": 0.0135}