{"CAND_0052328": 0.7445, "CAND_0046525": 0.77954, "CAND_0064326": 0.75581, "CAND_0018499": 0.79043, "CAND_0041669": 0.78565, "CAND_0050454": 0.80449, "CAND_0081846": 0.79447, "CAND_0077337": 0.79561, "CAND_0011687": 0.78982, "CAND_0079387": 0.76059, "CAND_0052682": 0.74695, "CAND_0062247": 0.81003, "CAND_0027691": 0.75767, "CAND_0071974": 0.77298, "CAND_0010257": 0.73079, "CAND_0000031": 0.79288, "CAND_0002025": 0.78745, "CAND_0054394": 0.79004, "CAND_0083879": 0.74811, "CAND_0036184": 0.81675, "CAND_0075574": 0.74063, "CAND_0014440": 0.79577, "CAND_0079064": 0.75746, "CAND_0065195": 0.76141, "CAND_0007009": 0.76082, "CAND_0017960": 0.79438, "CAND_0091909": 0.75116, "CAND_0006418": 0.71579, "CAND_0061265": 0.7926, "CAND_0037566": 0.73033, "CAND_0000165": 0.71774, "CAND_0000973": 0.65073, "CAND_0000411": 0.65164, "CAND_0000899": 0.61112, "CAND_0001150": 0.62533, "CAND_0000134": 0.6068, "CAND_0000285": 0.60926, "CAND_0000136": 0.61576, "CAND_0000112": 0.72737, "CAND_0001051": 0.63183, "CAND_0000120": 0.66847, "CAND_0000615": 0.62402, "CAND_0000654": 0.62937, "CAND_0000121": 0.6794, "CAND_0000220": 0.68124, "CAND_0000211": 0.6556, "CAND_0000020": 0.666, "CAND_0000083": 0.6801, "CAND_0000203": 0.62315, "CAND_0000097": 0.67085, "CAND_0000201": 0.65424, "CAND_0000314": 0.64695, "CAND_0000498": 0.66496, "CAND_0000133": 0.68787, "CAND_0000535": 0.66067, "CAND_0001043": 0.65334, "CAND_0000385": 0.63596, "CAND_0000106": 0.65054, "CAND_0000444": 0.66352, "CAND_0001191": 0.62968, "CAND_0000701": 0.66458, "CAND_0000074": 0.63522, "CAND_0000212": 0.66948, "CAND_0000312": 0.66289, "CAND_0000021": 0.67004, "CAND_0001425": 0.61196, "CAND_0001408": 0.6142, "CAND_0000306": 0.64539, "CAND_0001185": 0.63702, "CAND_0001202": 0.649}