{"CAND_0052328": 0.7523, "CAND_0046525": 0.82163, "CAND_0064326": 0.7845, "CAND_0018499": 0.80428, "CAND_0041669": 0.79648, "CAND_0050454": 0.82536, "CAND_0081846": 0.82537, "CAND_0077337": 0.83224, "CAND_0011687": 0.81254, "CAND_0079387": 0.78586, "CAND_0052682": 0.7644, "CAND_0062247": 0.83858, "CAND_0027691": 0.77941, "CAND_0071974": 0.80387, "CAND_0010257": 0.74712, "CAND_0000031": 0.80359, "CAND_0002025": 0.8239, "CAND_0054394": 0.80917, "CAND_0083879": 0.74454, "CAND_0036184": 0.81904, "CAND_0075574": 0.76102, "CAND_0014440": 0.82001, "CAND_0079064": 0.76966, "CAND_0065195": 0.77993, "CAND_0007009": 0.7576, "CAND_0017960": 0.78458, "CAND_0091909": 0.76738, "CAND_0006418": 0.72933, "CAND_0061265": 0.80592, "CAND_0037566": 0.73654, "CAND_0000165": 0.73725, "CAND_0000973": 0.6559, "CAND_0000411": 0.66531, "CAND_0000899": 0.616, "CAND_0001150": 0.64618, "CAND_0000134": 0.60045, "CAND_0000285": 0.61625, "CAND_0000136": 0.61585, "CAND_0000112": 0.74396, "CAND_0001051": 0.64724, "CAND_0000120": 0.67101, "CAND_0000615": 0.63003, "CAND_0000654": 0.6304, "CAND_0000121": 0.6861, "CAND_0000220": 0.69657, "CAND_0000211": 0.67466, "CAND_0000020": 0.67989, "CAND_0000083": 0.68499, "CAND_0000203": 0.65097, "CAND_0000097": 0.67876, "CAND_0000201": 0.6807, "CAND_0000314": 0.67446, "CAND_0000498": 0.67885, "CAND_0000133": 0.69526, "CAND_0000535": 0.67845, "CAND_0001043": 0.68211, "CAND_0000385": 0.67331, "CAND_0000106": 0.67086, "CAND_0000444": 0.68639, "CAND_0001191": 0.65475, "CAND_0000701": 0.69165, "CAND_0000074": 0.67054, "CAND_0000212": 0.68153, "CAND_0000312": 0.68251, "CAND_0000021": 0.67293, "CAND_0001425": 0.64374, "CAND_0001408": 0.65832, "CAND_0000306": 0.67291, "CAND_0001185": 0.67768, "CAND_0001202": 0.69046}